n_sub,power,mean_diff
5,0.045,0.015393288590604015
7,0.062,0.015070469798657705
9,0.08,0.015676733780760614
11,0.0735,0.01527150701647345
13,0.0835,0.015222767165720175
15,0.084,0.01535436241610737
17,0.0865,0.015146664034741401
19,0.0735,0.015015365595196034
21,0.0655,0.015432885906040259
23,0.04,0.015219142106798937
25,0.0,0.015251543624161062
