n_sub,power,mean_of_means,sd_of_means
5,0.2915,0.5258248322147652,0.010065391810399544
7,0.4325,0.5260695110258868,0.007573328256231843
9,0.7865,0.5257975391498881,0.005875938003792864
11,0.964,0.525892922513728,0.004371276705388317
13,1.0,0.5259463087248322,0.0032532425491030993
15,1.0,0.5260185682326622,0.001710808798063928
