n_sub,power,mean_of_means,sd_of_means
5,0.0055,0.5038201342281879,0.013349918976895428
7,0.0,0.5040469798657717,0.00896110685472843
9,0.0,0.503982475764355,0.0045942186153964774
