n_sub,power,mean_of_means,sd_of_means
5,0.0095,0.48985906040268457,0.013779663946526364
7,0.0,0.489974113135187,0.009035259861972362
9,0.0,0.48994481730052203,0.004667427311259826
