n_sub,power,mean_diff
5,0.0325,0.013951677852348996
7,0.0205,0.013962128475551295
9,0.0,0.014020879940343029
