condition,mean,median,variance,n
target-target,0.005613223155511254,0.005808381088911726,0.00033662323841745053,11175
distractor-distractor,-0.0001665176598447175,-6.009810213056318e-05,0.00034602215031466623,11175
target-distractor,8.108260497898005e-05,0.00015184655931613968,0.00033701553998079226,22500
