condition,mean,t_stat_vs_zero,t_p_value_vs_zero,wilcoxon_stat_vs_zero,wilcoxon_p_value_vs_zero,n
target-target,0.005613223155511254,32.340340991927484,2.025433110414419e-219,20747420.0,3.468899225487763e-207,11175
distractor-distractor,-0.0001665176598447175,-0.9462647933696617,0.34403400738952894,30836572.0,0.2572442068594084,11175
target-distractor,8.108260497898005e-05,0.6624976428914987,0.5076591310898391,125968521.0,0.5382817978224386,22500
