condition,mean,std,se,min,max,n
target-target,0.005613223155511254,0.018347295125370675,0.00017355945629544508,-0.07705774458253081,0.07295130408677977,11175
distractor-distractor,-0.0001665176598447175,0.018601670632356283,0.00017596576602042741,-0.06606551528394193,0.06797310351515799,11175
target-distractor,8.108260497898005e-05,0.018357983004153595,0.00012238655336102396,-0.07159660572132305,0.07042130529711316,22500
