condition,mean,std,se,n
target-target,0.005613223155511254,0.018347295125370675,0.00017355945629544508,11175
distractor-distractor,-0.0001665176598447175,0.018601670632356283,0.00017596576602042741,11175
target-distractor,8.108260497898005e-05,0.018357983004153595,0.00012238655336102396,22500
