slope,intercept,r_value,r_squared,p_value,std_err
0.03416061755794455,0.0030617757513801192,0.1187759996069543,0.014107738082631207,0.14771117544753964,0.023473664358793937
