,pearson_raw,lagged_xcorr_max,envelope_corr,log_spectrum_corr,mfcc_cosine
pearson_raw,1.0,-0.00010879668237156948,-0.00017743624303284922,0.003204105595897049,0.006720854221563094
lagged_xcorr_max,-0.00010879668237156948,1.0,0.0038253890344736633,0.07802470269119739,0.013425779360546017
envelope_corr,-0.00017743624303284922,0.0038253890344736633,1.0,-0.0027591911373784496,-0.0018982075167936607
log_spectrum_corr,0.003204105595897049,0.07802470269119739,-0.0027591911373784496,1.0,0.022322588029568467
mfcc_cosine,0.006720854221563094,0.013425779360546017,-0.0018982075167936607,0.022322588029568467,1.0
