metric,n_trials,auc_logistic,r_feature_vs_called,p_feature_vs_called
true_label_baseline,7748,0.5099979134789261,0.019959322379636935,0.07895779540516612
envelope_corr,7748,0.5095593762371999,0.015370757148094329,0.17610753804705132
mfcc_cosine,7748,0.5066752958579882,0.011312596538079676,0.3194266663931436
log_spectrum_corr,7748,0.5040603231967643,0.008675737728535792,0.44513353176416015
lagged_xcorr_max,7748,0.5015884644809913,-0.0011896127167154967,0.9166169610886933
pearson_raw,7748,0.48966586906277754,0.018533942406876888,0.10283019894706433
