metric,n_stimuli,r_all,p_all,r_within_targets,p_within_targets,r_within_distractors,p_within_distractors
pearson_raw,300,0.09365613088810117,0.10545586766054428,-0.0019003851996227902,0.9815863113902376,0.06741046478881052,0.4124256385388352
envelope_corr,300,0.07797511339982066,0.17798601098145095,0.10834667418851907,0.18691573923559587,0.04549293478256605,0.5804019344376251
mfcc_cosine,300,0.05858556181272665,0.31184203038359054,0.03692045539604834,0.6537551078565387,0.06895264631800861,0.401790423076425
log_spectrum_corr,300,0.04389978278940369,0.44871589978399845,-0.03032920072730412,0.7125506048238083,0.12641719045386146,0.12318852621499651
lagged_xcorr_max,300,-0.0067138235465884506,0.9078089265250178,-0.012441916612058419,0.8798867055486015,0.012554123644002158,0.8788117144396569
