method,k,sizes,silhouette,ari_vs_labels
agglomerative_avg,2,"[287, 13]",0.0025681685358339198,0.004825864779114214
spectral_kmeans,2,"[156, 144]",0.0032714308522020378,0.08298240307732874
agglomerative_avg,3,"[272, 13, 15]",0.000568958442273181,0.014989681814143481
spectral_kmeans,3,"[114, 76, 110]",0.0027879747516902807,0.06058284223677264
agglomerative_avg,4,"[253, 13, 15, 19]",-0.00015401998077677913,0.02332371588957185
spectral_kmeans,4,"[62, 66, 90, 82]",0.002498911525858912,0.04806146149723066
agglomerative_avg,5,"[193, 60, 15, 19, 13]",0.000263267534867179,0.04358210326791184
spectral_kmeans,5,"[56, 75, 53, 54, 62]",0.002357677242366558,0.03749530199135791
