condition,mean_total_r,mean_tmpl_contrib,mean_resid_contrib,frac_tmpl
target-target,0.00561322315850301,0.005578412727781306,3.481043072170335e-05,0.9937984951357275
distractor-distractor,-0.00016651764857816592,-6.886248326627464e-14,-0.00016651764850930328,4.1354465340020427e-10
target-distractor,8.108260434375059e-05,4.882501152491515e-09,8.107772184259817e-05,6.0216382934520676e-05
