condition,mean_r,std_r,se_r,n_pairs
target-target,0.00561322315850301,0.01834811608099062,0.00017356722226912497,11175
distractor-distractor,-0.00016651764857816592,0.018602502974915853,0.0001759736397108599,11175
target-distractor,8.108260434375059e-05,0.018358390980086032,0.00012238927320057356,22500
