metric,mean_tt,mean_dd,mean_td,std_tt,std_dd,std_td,n_tt,n_dd,n_td,cohens_d_tt_vs_dd,cohens_d_tt_vs_td,cohens_d_dd_vs_td,welch_p_tt_vs_dd,welch_p_tt_vs_td,welch_p_dd_vs_td
pearson_raw,0.005613223183900118,-0.00016651765326969326,8.10826022643596e-05,0.01834811642765999,0.018602503463625908,0.018358390778303146,11175,11175,22500,0.31282854080200195,0.3013972043991089,-0.013427523896098137,0.0,0.0,0.24805298447608948
lagged_xcorr_max,0.061861518770456314,0.06165260821580887,0.06177930161356926,0.0057038795202970505,0.005602458957582712,0.005617999006062746,11175,11175,22500,0.03695310652256012,0.014560362324118614,-0.02257203869521618,0.005745514761656523,0.21067418158054352,0.05092037469148636
envelope_corr,0.744797945022583,0.7434378266334534,0.7436740398406982,0.06267496943473816,0.06239642947912216,0.06369009613990784,11175,11175,22500,0.02174941822886467,0.017739789560437202,-0.003733785357326269,0.10401488095521927,0.12328445166349411,0.7452836036682129
log_spectrum_corr,0.17737366259098053,0.17725755274295807,0.1771632879972458,0.022171756252646446,0.022249387577176094,0.022127661854028702,11175,11175,22500,0.005227676127105951,0.009501025080680847,0.004252264276146889,0.6959733366966248,0.4119802415370941,0.7138025164604187
mfcc_cosine,-0.0007156982319429517,-0.0013662318233400583,-0.005256531294435263,0.2098577469587326,0.21165619790554047,0.21147067844867706,11175,11175,22500,0.0030866246670484543,0.021526983007788658,0.018391044810414314,0.8175312280654907,0.06220417469739914,0.11214418709278107
