block_type,metric,bais_v_cut,mean_high,mean_low,n_high,n_low,U,p_one_sided
full_sentence,d_prime,66.0,0.15207292897898245,0.03020056842726774,13,13,116.0,0.05594630692531096
full_sentence,cos_ci_true,66.0,0.06068420628343299,0.0081820352973252,13,13,114.0,0.06848370613114728
full_sentence,cos_w_true,66.0,0.08536947183010363,0.041705595985219196,13,13,93.0,0.3408089321365418
full_sentence,beta_truetarget,66.0,0.23949785267604573,0.0721629993086646,13,13,113.0,0.07551576411557766
imagined_sentence,d_prime,66.0,0.055171083688182306,-0.024617716043205624,13,13,106.0,0.1407161853948269
imagined_sentence,cos_ci_true,66.0,0.027751655880520833,-0.00040752503675355365,13,13,100.0,0.22087816371245977
imagined_sentence,cos_w_true,66.0,0.07071388744978498,0.012394729149097764,13,13,100.0,0.22087816371245977
imagined_sentence,beta_truetarget,66.0,0.10900158284827371,-0.031801436381697024,13,13,110.0,0.09991232866619176
