block_type,metric,mean_b1,mean_b2,n_b1,n_b2,U,p
full_sentence,d_prime,0.05475117406328662,0.11039969998303957,9,17,60.0,0.3884955572345842
full_sentence,cos_ci_true,0.02907734089426332,0.03726853367655804,9,17,67.0,0.6276258050283593
full_sentence,cos_w_true,0.004723967933129982,0.09467412765888394,9,17,59.0,0.3595380438233906
full_sentence,beta_truetarget,0.09503421523066428,0.1880166552191327,9,17,59.0,0.3595380438233906
imagined_sentence,d_prime,-0.01688108978130957,0.07601914507410662,17,9,51.0,0.17777081141521078
imagined_sentence,cos_ci_true,0.0008485347334622637,0.037894290055568464,17,9,59.0,0.3595380438233906
imagined_sentence,cos_w_true,0.014618560102125533,0.09243294378326015,17,9,56.0,0.28106226867467843
imagined_sentence,beta_truetarget,-0.021481463559871947,0.1520874205092578,17,9,52.0,0.19583011922996596
