block_type,metric,mean_oberlin,mean_uchicago,n_oberlin,n_uchicago,U,p
full_sentence,d_prime,0.13522926151874765,0.02058872819812902,16,10,108.0,0.1472322553636655
full_sentence,cos_ci_true,0.056932665148606294,-0.001566150182784412,16,10,110.0,0.11999692149977838
full_sentence,cos_w_true,0.08101215557971997,0.035578139232367724,16,10,93.0,0.5100191684333342
full_sentence,beta_truetarget,0.2184553420296375,0.055630560332703416,16,10,102.0,0.2571514792688464
imagined_sentence,d_prime,0.05665257989165448,-0.05092474988817749,16,10,98.0,0.35627372806277746
imagined_sentence,cos_ci_true,0.03453054497325603,-0.01970150186031218,16,10,101.0,0.27994412527837886
imagined_sentence,cos_w_true,0.0672741264337108,0.0004025992846102555,16,10,95.0,0.4447378771487408
imagined_sentence,beta_truetarget,0.07551062632782332,-0.0204568117179676,16,10,88.0,0.6926327840419602
